"Address","Occurrences","Meta Keywords 1","Meta Keywords 1 Length","Indexability","Indexability Status"
"https://mos2es.com/","0","","0","Indexable",""
"https://mos2es.com/field-sheet","0","","0","Non-Indexable","Canonicalised"
"https://mos2es.com/benchmarks","0","","0","Indexable",""
"https://mos2es.com/demovideo","0","","0","Indexable",""
"https://mos2es.com/press","0","","0","Indexable",""
"https://mos2es.com/legal","0","","0","Indexable",""
"https://mos2es.com/papers","0","","0","Indexable",""
"https://mos2es.com/governance-vacuum","0","","0","Indexable",""
"https://mos2es.com/deck","0","","0","Indexable",""
"https://mos2es.com/img/benchmarks/poster_honest","0","","0","Indexable",""
"https://mos2es.com/img/benchmarks/poster_honest_portrait","0","","0","Indexable",""
"https://mos2es.com/img/benchmarks/poster","0","","0","Indexable",""
"https://mos2es.com/img/benchmarks/poster_honest.html","0","","0","Indexable",""
"https://mos2es.com/img/benchmarks/poster_honest_portrait.html","0","","0","Indexable",""
"https://mos2es.com/img/benchmarks/poster.html","0","","0","Indexable",""
"https://mos2es.com/architecture","0","","0","Indexable",""
