"Address","Occurrences","Title 1","Title 1 Length","Title 1 Pixel Width","Indexability","Indexability Status"
"https://mos2es.com/","1","MO§ES™ — Sovereign Signal Governance","36","366","Indexable",""
"https://mos2es.com/field-sheet","1","MO§ES™ Field Sheet — May 5, 2026","32","316","Non-Indexable","Canonicalised"
"https://mos2es.com/benchmarks","1","MO§ES™ — Five Measured Kernels · Sovereign Signal Benchmarks","60","589","Indexable",""
"https://mos2es.com/demovideo","1","MO§ES™ — Demo Video","19","214","Indexable",""
"https://mos2es.com/press","1","MO§ES™ — Press","14","156","Indexable",""
"https://mos2es.com/legal","1","MO§ES™ — Legal & IP","19","194","Indexable",""
"https://mos2es.com/papers","1","MO§ES™ — Papers & Proofs","24","249","Indexable",""
"https://mos2es.com/governance-vacuum","1","MO§ES™ — The Governance Vacuum","30","330","Indexable",""
"https://mos2es.com/deck","1","Ello Cello — Pitch","18","154","Indexable",""
"https://mos2es.com/img/benchmarks/poster_honest","1","MO§ES™ — Honest Comparison vs. Field Average","44","439","Indexable",""
"https://mos2es.com/img/benchmarks/poster_honest_portrait","1","MO§ES™ — Honest Comparison · Portrait","37","365","Indexable",""
"https://mos2es.com/img/benchmarks/poster","1","MO§ES™ × 5 Measured Benchmarks","30","321","Indexable",""
"https://mos2es.com/img/benchmarks/poster_honest.html","1","MO§ES™ — Honest Comparison vs. Field Average","44","439","Indexable",""
"https://mos2es.com/img/benchmarks/poster_honest_portrait.html","1","MO§ES™ — Honest Comparison · Portrait","37","365","Indexable",""
"https://mos2es.com/img/benchmarks/poster.html","1","MO§ES™ × 5 Measured Benchmarks","30","321","Indexable",""
"https://mos2es.com/architecture","1","MO§E§™ — Investor Architecture","30","292","Indexable",""
